Workbook
Name base_end: 'טבלת גאנט'!$Y1
Name base_start: 'טבלת גאנט'!$X1
Name color_by: 'טבלת גאנט'!$AA$4
Name color_code_default: IF('טבלת גאנט'!Type<>"",_xlfn.SWITCH('טבלת גאנט'!Type,"S",1,"T",2,"M",3),-1)
Name color_code_issues: IF('טבלת גאנט'!issue="⚠",_xlfn.SWITCH('טבלת גאנט'!Type,"S",901,"T",901,"M",902),'טבלת גאנט'!color_code_default)
Name color_code_project_structure: IF('טבלת גאנט'!stage_id=-1,-1,_xlfn.NUMBERVALUE(IF(MOD('טבלת גאנט'!stage_id,8)=0,8,MOD('טבלת גאנט'!stage_id,8))&_xlfn.SWITCH('טבלת גאנט'!Type,"S","01","T","02","M","03")))
Name color_code_team_roles: IF('טבלת גאנט'!r_id=-1,'טבלת גאנט'!color_code_default,_xlfn.NUMBERVALUE('טבלת גאנט'!r_id&_xlfn.SWITCH('טבלת גאנט'!Type,"T","02","M","04")))
Name d.conn: 'טבלת גאנט'!$S1
Name d.id: 'טבלת גאנט'!$P1
Name d.lag: 'טבלת גאנט'!$T1
Name d.name: INDEX('טבלת גאנט'!$I:$I,'טבלת גאנט'!d.row)
Name d.row: MATCH('טבלת גאנט'!d.id,'טבלת גאנט'!$E:$E,0)
Name d.type: INDEX('טבלת גאנט'!$H:$H,'טבלת גאנט'!d.row)
Name Date: 'טבלת גאנט'!A$7
Name display: 'טבלת גאנט'!$AH$4
Name ff_calc: WORKDAY.INTL(INDEX('טבלת גאנט'!$W:$W,'טבלת גאנט'!d.row),'טבלת גאנט'!d.lag,weekend)
Name fs_calc: WORKDAY.INTL(INDEX('טבלת גאנט'!$W:$W,'טבלת גאנט'!d.row),1+'טבלת גאנט'!d.lag,weekend)
Name highlight: 'טבלת גאנט'!$AV$4
Name id: 'טבלת גאנט'!$E1
Name ind_end: 'טבלת גאנט'!$O1
Name ind_start: 'טבלת גאנט'!$N1
Name issue: 'טבלת גאנט'!$M1
Name item_in_base: AND('טבלת גאנט'!Date>='טבלת גאנט'!base_start,'טבלת גאנט'!Date<='טבלת גאנט'!base_end)
Name item_in_complete: AND('טבלת גאנט'!Date>=plan_start,'טבלת גאנט'!Date<=WORKDAY.INTL(plan_start,'טבלת גאנט'!percentage_complete*workdays-1,weekend))
Name item_in_plan: AND('טבלת גאנט'!Date>=plan_start,'טבלת גאנט'!Date<=plan_end)
Name Next_Date: 'טבלת גאנט'!B$7
Name percentage_complete: 'טבלת גאנט'!$Z1
Name plan_end: 'טבלת גאנט'!$W1
Name plan_end_calc: WORKDAY.INTL(plan_start,workdays-1,weekend)
Name plan_start: 'טבלת גאנט'!$V1
Name plan_start_calc: WORKDAY.INTL(plan_end,(-1)*workdays+1,weekend)
Name prev_col_range: 'טבלת גאנט'!A$10:A1048576
Name project_base_start: MIN('טבלת גאנט'!$X$10:$X$10001)
Name project_duration: NETWORKDAYS.INTL('טבלת גאנט'!project_start,'טבלת גאנט'!project_end,weekend)
Name project_end: MAX('טבלת גאנט'!$W$10:$W$1001)
Name project_start: MIN('טבלת גאנט'!$V$10:$V$1001)
Name r_id: 'טבלת גאנט'!$G1
Name role: 'טבלת גאנט'!$K1
Name scroll_inc: 'טבלת גאנט'!$Z$8
Name sf_calc: WORKDAY.INTL(INDEX('טבלת גאנט'!$V:$V,'טבלת גאנט'!d.row),(-1)+'טבלת גאנט'!d.lag,weekend)
Name Shiftlateincomestatus: [1]הגדרות!$H$14
Name show_progress: 'טבלת גאנט'!$AO$4
Name ss_calc: WORKDAY.INTL(INDEX('טבלת גאנט'!$V:$V,'טבלת גאנט'!d.row),'טבלת גאנט'!d.lag,weekend)
Name stage_id: 'טבלת גאנט'!$F1
Name TeamMemeber: 'טבלת גאנט'!$L1
Name timeline_base_start: 'טבלת גאנט'!project_base_start-WEEKDAY('טבלת גאנט'!project_base_start,2)
Name timeline_plan_start: IF('טבלת גאנט'!project_start=0,TODAY()-WEEKDAY(TODAY(),2),'טבלת גאנט'!project_start-WEEKDAY('טבלת גאנט'!project_start,2))
Name timeline_start: IF(display="תוכנית VS בסיס",IF(timeline_base_start>0,MIN(timeline_base_start,'טבלת גאנט'!timeline_plan_start),'טבלת גאנט'!timeline_plan_start),'טבלת גאנט'!timeline_plan_start)
Name Type: 'טבלת גאנט'!$H1
Name weekend: הגדרות!$G$15
Name workdays: MAX('טבלת גאנט'!$U1,1)

Sheet טבלת גאנט
D1: =הגדרות!G6 -> WedPlanner | AA1: תקופת פרויקט: | AF1: {=project_start} -> 45981 | AI1: - | AJ1: {=project_end} -> 46022 | AM1: {="("&project_duration&")"} -> (30) | AQ1: מנהל פרויקט: | AU1: =הגדרות!G8 -> נתי וורקנך
H3: עמודה להכנסת נתונים | AA3: צבע לפי | AH3: תצוגה | AO3: הצג התקדמות | AV3: הדגש
H4: עמודה למחושבת | AA4: מבנה פרויקט | AH4: תוכנית | AO4: לא | AV4: היום
H5: עמודת תוכנית מקור
N7: תוכנית נוכחית | X7: תוכנית מקור | Z7: היום | AA7: {=WORKDAY.INTL(timeline_start,scroll_inc,weekend)} -> 45977 | AB7: =WORKDAY.INTL(AA7,1,weekend) -> 45978 | AC7: =WORKDAY.INTL(AB7,1,weekend) -> 45979 | AD7: =WORKDAY.INTL(AC7,1,weekend) -> 45980 | AE7: =WORKDAY.INTL(AD7,1,weekend) -> 45981 | AF7: =WORKDAY.INTL(AE7,1,weekend) -> 45984 | AG7: =WORKDAY.INTL(AF7,1,weekend) -> 45985 | AH7: =WORKDAY.INTL(AG7,1,weekend) -> 45986 | AI7: =WORKDAY.INTL(AH7,1,weekend) -> 45987 | ... BY7: =WORKDAY.INTL(BX7,1,weekend) -> 46047
N8: עודכן בתאריך: | X8: נשמר בתאריך: | Z8: 0
E9: זהות | H9: נתוני פריט | N9: 45983 | X9: 45980
E10: מס"ד | F10: מס"ד שלב | G10: מס"ד תפקיד | H10: סוג | I10: תיאור | K10: תפקיד | L10: חבר צוות | M10: ⚠ | N10: תאריך התחלה יד. | O10: תאריך סוף יד. | P10: מס"ד מות. | Q10: פריט מותנה | S10: קשר התניה | T10: ריווח התניה | U10: ימי עבודה | V10: התחלה | W10: סוף | X10: התחלה | Y10: סוף | Z10: % | AA10: =IF(TEXT(AA7,"[$-he-il]ddd")="שבת",REPLACE(TEXT(AA7,"[$-he-il]ddd"),2,2,""),REPLACE(TEXT(AA7,"[$-he-il]ddd"),1,4,"")) -> א | AB10: =IF(TEXT(AB7,"[$-he-il]ddd")="שבת",REPLACE(TEXT(AB7,"[$-he-il]ddd"),2,2,""),REPLACE(TEXT(AB7,"[$-he-il]ddd"),1,4,"")) -> ב | AC10: =IF(TEXT(AC7,"[$-he-il]ddd")="שבת",REPLACE(TEXT(AC7,"[$-he-il]ddd"),2,2,""),REPLACE(TEXT(AC7,"[$-he-il]ddd"),1,4,"")) -> ג | AD10: =IF(TEXT(AD7,"[$-he-il]ddd")="שבת",REPLACE(TEXT(AD7,"[$-he-il]ddd"),2,2,""),REPLACE(TEXT(AD7,"[$-he-il]ddd"),1,4,"")) -> ד | AE10: =IF(TEXT(AE7,"[$-he-il]ddd")="שבת",REPLACE(TEXT(AE7,"[$-he-il]ddd"),2,2,""),REPLACE(TEXT(AE7,"[$-he-il]ddd"),1,4,"")) -> ה | AF10: =IF(TEXT(AF7,"[$-he-il]ddd")="שבת",REPLACE(TEXT(AF7,"[$-he-il]ddd"),2,2,""),REPLACE(TEXT(AF7,"[$-he-il]ddd"),1,4,"")) -> א | AG10: =IF(TEXT(AG7,"[$-he-il]ddd")="שבת",REPLACE(TEXT(AG7,"[$-he-il]ddd"),2,2,""),REPLACE(TEXT(AG7,"[$-he-il]ddd"),1,4,"")) -> ב | AH10: =IF(TEXT(AH7,"[$-he-il]ddd")="שבת",REPLACE(TEXT(AH7,"[$-he-il]ddd"),2,2,""),REPLACE(TEXT(AH7,"[$-he-il]ddd"),1,4,"")) -> ג | ... BY10: =IF(TEXT(BY7,"[$-he-il]ddd")="שבת",REPLACE(TEXT(BY7,"[$-he-il]ddd"),2,2,""),REPLACE(TEXT(BY7,"[$-he-il]ddd"),1,4,"")) -> א
E12: =IF(ROW(id)=ROW($E$10)+2,1,MAX(prev_col_range)+1) -> 1 | F12: =IF(Type<>"",IF(ROW(stage_id)=ROW($F$10)+2,1,IF(Type="S",MAX(prev_col_range)+1,MAX(prev_col_range))),-1) -> 1 | G12: =_xlfn.IFNA(IF(OR(Type="T",Type="M"),MATCH(K12,הגדרות!$L$7:$L$14,0),-1),-1) -> -1 | H12: S | I12: הקמה | K12: =_xlfn.IFNA(INDEX(הגדרות!$S$7:$S$40,MATCH(TeamMemeber,הגדרות!$Q$7:$Q$40,0)),"") | N12: =MIN(V13:V16) -> 45981 | Q12: =IF(d.id<>"",IF(d.id<id,"↖",IF(d.id>id,"↙","")),"") | R12: {=IFERROR("("&d.type&") "&IF(LEN(d.name)>7,LEFT(d.name,7)&"…",d.name),"")} | U12: =NETWORKDAYS.INTL(V12,MAX(W13:W16),weekend) -> 11 | V12: {=IFERROR(IF(ind_start>0,ind_start, IF(ind_end<>"",plan_start_calc, IF(d.id<>"", IF(OR(d.conn="FS",d.conn=""),fs_calc, IF(d.conn="SS",ss_calc, plan_start_calc)),""))),"")} -> 45981 | W12: {=IFERROR(IF(ind_start<>"",plan_end_calc, IF(ind_end<>"",ind_end, IF(d.id<>"", IF(d.conn="SF",sf_calc, IF(d.conn="FF",ff_calc, plan_end_calc)),""))),"")} -> 45995 | X12: 45981 | Y12: 45995 | Z12: {=SUM(Z13:Z16*U13:U16)/SUM(U13:U16)} -> 0 | AA12: 0 | AB12: 0 | AC12: 0 | AD12: 0 | AE12: 0 | AF12: 0 | AG12: 0 | AH12: 0 | AI12: 0 | AJ12: 0 | AK12: 0 | AL12: 0 | AM12: 0 | AN12: 0 | AO12: 0 | AP12: 0 | AQ12: 0 | AR12: 0 | AS12: 0 | AT12: 0 | AU12: 0 | AV12: 0 | AW12: 0 | AX12: 0 | AY12: 0 | AZ12: 0 | BA12: 0 | BB12: 0 | BC12: 0 | BD12: 0 | BE12: 0 | BF12: 0 | BG12: 0 | BH12: 0 | BI12: 0 | BJ12: 0 | BK12: 0 | BL12: 0 | BM12: 0 | BN12: 0 | BO12: 0 | BP12: 0 | BQ12: 0 | BR12: 0 | BS12: 0 | BT12: 0 | BU12: 0 | BV12: 0 | BW12: 0 | BX12: 0 | BY12: 0
E13: =IF(ROW(id)=ROW($E$10)+2,1,MAX(prev_col_range)+1) -> 2 | F13: =IF(Type<>"",IF(ROW(stage_id)=ROW($F$10)+2,1,IF(Type="S",MAX(prev_col_range)+1,MAX(prev_col_range))),-1) -> 1 | G13: =_xlfn.IFNA(IF(OR(Type="T",Type="M"),MATCH(K13,הגדרות!$L$7:$L$14,0),-1),-1) -> 1 | H13: T | I13: הגדרת יעדי הפרויקט | K13: =_xlfn.IFNA(INDEX(הגדרות!$S$7:$S$40,MATCH(TeamMemeber,הגדרות!$Q$7:$Q$40,0)),"") -> PM | L13: נתי וורקנך | M13: ⚠ | N13: 45981 | Q13: =IF(d.id<>"",IF(d.id<id,"↖",IF(d.id>id,"↙","")),"") | R13: {=IFERROR("("&d.type&") "&IF(LEN(d.name)>7,LEFT(d.name,7)&"…",d.name),"")} | S13: FS | U13: 5 | V13: {=IFERROR(IF(ind_start>0,ind_start, IF(ind_end<>"",plan_start_calc, IF(d.id<>"", IF(OR(d.conn="FS",d.conn=""),fs_calc, IF(d.conn="SS",ss_calc, plan_start_calc)),""))),"")} -> 45981 | W13: {=IFERROR(IF(ind_start<>"",plan_end_calc, IF(ind_end<>"",ind_end, IF(d.id<>"", IF(d.conn="SF",sf_calc, IF(d.conn="FF",ff_calc, plan_end_calc)),""))),"")} -> 45987 | X13: 45981 | Y13: 45987 | AA13: 0 | AB13: 0 | AC13: 0 | AD13: 0 | AE13: 0 | AF13: 0 | AG13: 0 | AH13: 0 | AI13: 0 | AJ13: 0 | AK13: 0 | AL13: 0 | AM13: 0 | AN13: 0 | AO13: 0 | AP13: 0 | AQ13: 0 | AR13: 0 | AS13: 0 | AT13: 0 | AU13: 0 | AV13: 0 | AW13: 0 | AX13: 0 | AY13: 0 | AZ13: 0 | BA13: 0 | BB13: 0 | BC13: 0 | BD13: 0 | BE13: 0 | BF13: 0 | BG13: 0 | BH13: 0 | BI13: 0 | BJ13: 0 | BK13: 0 | BL13: 0 | BM13: 0 | BN13: 0 | BO13: 0 | BP13: 0 | BQ13: 0 | BR13: 0 | BS13: 0 | BT13: 0 | BU13: 0 | BV13: 0 | BW13: 0 | BX13: 0 | BY13: 0
E14: =IF(ROW(id)=ROW($E$10)+2,1,MAX(prev_col_range)+1) -> 3 | F14: =IF(Type<>"",IF(ROW(stage_id)=ROW($F$10)+2,1,IF(Type="S",MAX(prev_col_range)+1,MAX(prev_col_range))),-1) -> 1 | G14: =_xlfn.IFNA(IF(OR(Type="T",Type="M"),MATCH(K14,הגדרות!$L$7:$L$14,0),-1),-1) -> 2 | H14: T | I14: מיתוג ועיצוב חזותי | K14: =_xlfn.IFNA(INDEX(הגדרות!$S$7:$S$40,MATCH(TeamMemeber,הגדרות!$Q$7:$Q$40,0)),"") -> SM | L14: עוז אופיר | P14: =E13 -> 2 | Q14: =IF(d.id<>"",IF(d.id<id,"↖",IF(d.id>id,"↙","")),"") -> ↖ | R14: {=IFERROR("("&d.type&") "&IF(LEN(d.name)>7,LEFT(d.name,7)&"…",d.name),"")} -> (T) הגדרת י… | S14: FS | U14: 4 | V14: {=IFERROR(IF(ind_start>0,ind_start, IF(ind_end<>"",plan_start_calc, IF(d.id<>"", IF(OR(d.conn="FS",d.conn=""),fs_calc, IF(d.conn="SS",ss_calc, plan_start_calc)),""))),"")} -> 45988 | W14: {=IFERROR(IF(ind_start<>"",plan_end_calc, IF(ind_end<>"",ind_end, IF(d.id<>"", IF(d.conn="SF",sf_calc, IF(d.conn="FF",ff_calc, plan_end_calc)),""))),"")} -> 45993 | X14: 45988 | Y14: 45993 | AA14: 0 | AB14: 0 | AC14: 0 | AD14: 0 | AE14: 0 | AF14: 0 | AG14: 0 | AH14: 0 | AI14: 0 | AJ14: 0 | AK14: 0 | AL14: 0 | AM14: 0 | AN14: 0 | AO14: 0 | AP14: 0 | AQ14: 0 | AR14: 0 | AS14: 0 | AT14: 0 | AU14: 0 | AV14: 0 | AW14: 0 | AX14: 0 | AY14: 0 | AZ14: 0 | BA14: 0 | BB14: 0 | BC14: 0 | BD14: 0 | BE14: 0 | BF14: 0 | BG14: 0 | BH14: 0 | BI14: 0 | BJ14: 0 | BK14: 0 | BL14: 0 | BM14: 0 | BN14: 0 | BO14: 0 | BP14: 0 | BQ14: 0 | BR14: 0 | BS14: 0 | BT14: 0 | BU14: 0 | BV14: 0 | BW14: 0 | BX14: 0 | BY14: 0
E15: =IF(ROW(id)=ROW($E$10)+2,1,MAX(prev_col_range)+1) -> 4 | F15: =IF(Type<>"",IF(ROW(stage_id)=ROW($F$10)+2,1,IF(Type="S",MAX(prev_col_range)+1,MAX(prev_col_range))),-1) -> 1 | G15: =_xlfn.IFNA(IF(OR(Type="T",Type="M"),MATCH(K15,הגדרות!$L$7:$L$14,0),-1),-1) -> 1 | H15: T | I15: חלוקת משימות ותכנון צוות | K15: =_xlfn.IFNA(INDEX(הגדרות!$S$7:$S$40,MATCH(TeamMemeber,הגדרות!$Q$7:$Q$40,0)),"") -> PM | L15: נתי וורקנך | P15: =E14 -> 3 | Q15: =IF(d.id<>"",IF(d.id<id,"↖",IF(d.id>id,"↙","")),"") -> ↖ | R15: {=IFERROR("("&d.type&") "&IF(LEN(d.name)>7,LEFT(d.name,7)&"…",d.name),"")} -> (T) מיתוג ו… | S15: FS | U15: 1 | V15: {=IFERROR(IF(ind_start>0,ind_start, IF(ind_end<>"",plan_start_calc, IF(d.id<>"", IF(OR(d.conn="FS",d.conn=""),fs_calc, IF(d.conn="SS",ss_calc, plan_start_calc)),""))),"")} -> 45994 | W15: {=IFERROR(IF(ind_start<>"",plan_end_calc, IF(ind_end<>"",ind_end, IF(d.id<>"", IF(d.conn="SF",sf_calc, IF(d.conn="FF",ff_calc, plan_end_calc)),""))),"")} -> 45994 | X15: 45994 | Y15: 45994 | AA15: 0 | AB15: 0 | AC15: 0 | AD15: 0 | AE15: 0 | AF15: 0 | AG15: 0 | AH15: 0 | AI15: 0 | AJ15: 0 | AK15: 0 | AL15: 0 | AM15: 0 | AN15: 0 | AO15: 0 | AP15: 0 | AQ15: 0 | AR15: 0 | AS15: 0 | AT15: 0 | AU15: 0 | AV15: 0 | AW15: 0 | AX15: 0 | AY15: 0 | AZ15: 0 | BA15: 0 | BB15: 0 | BC15: 0 | BD15: 0 | BE15: 0 | BF15: 0 | BG15: 0 | BH15: 0 | BI15: 0 | BJ15: 0 | BK15: 0 | BL15: 0 | BM15: 0 | BN15: 0 | BO15: 0 | BP15: 0 | BQ15: 0 | BR15: 0 | BS15: 0 | BT15: 0 | BU15: 0 | BV15: 0 | BW15: 0 | BX15: 0 | BY15: 0
E16: =IF(ROW(id)=ROW($E$10)+2,1,MAX(prev_col_range)+1) -> 5 | F16: =IF(Type<>"",IF(ROW(stage_id)=ROW($F$10)+2,1,IF(Type="S",MAX(prev_col_range)+1,MAX(prev_col_range))),-1) -> 1 | G16: =_xlfn.IFNA(IF(OR(Type="T",Type="M"),MATCH(K16,הגדרות!$L$7:$L$14,0),-1),-1) -> -1 | H16: M | I16: סיכום שלב ההקמה | K16: =_xlfn.IFNA(INDEX(הגדרות!$S$7:$S$40,MATCH(TeamMemeber,הגדרות!$Q$7:$Q$40,0)),"") | P16: =E15 -> 4 | Q16: =IF(d.id<>"",IF(d.id<id,"↖",IF(d.id>id,"↙","")),"") -> ↖ | R16: {=IFERROR("("&d.type&") "&IF(LEN(d.name)>7,LEFT(d.name,7)&"…",d.name),"")} -> (T) חלוקת מ… | S16: FS | U16: 0 | V16: {=IFERROR(IF(ind_start>0,ind_start, IF(ind_end<>"",plan_start_calc, IF(d.id<>"", IF(OR(d.conn="FS",d.conn=""),fs_calc, IF(d.conn="SS",ss_calc, plan_start_calc)),""))),"")} -> 45995 | W16: {=IFERROR(IF(ind_start<>"",plan_end_calc, IF(ind_end<>"",ind_end, IF(d.id<>"", IF(d.conn="SF",sf_calc, IF(d.conn="FF",ff_calc, plan_end_calc)),""))),"")} -> 45995 | X16: 45995 | Y16: 45995 | AA16: 0 | AB16: 0 | AC16: 0 | AD16: 0 | AE16: 0 | AF16: 0 | AG16: 0 | AH16: 0 | AI16: 0 | AJ16: 0 | AK16: 0 | AL16: 0 | AM16: 0 | AN16: 0 | AO16: 0 | AP16: 0 | AQ16: 0 | AR16: 0 | AS16: 0 | AT16: 0 | AU16: 0 | AV16: 0 | AW16: 0 | AX16: 0 | AY16: 0 | AZ16: 0 | BA16: 0 | BB16: 0 | BC16: 0 | BD16: 0 | BE16: 0 | BF16: 0 | BG16: 0 | BH16: 0 | BI16: 0 | BJ16: 0 | BK16: 0 | BL16: 0 | BM16: 0 | BN16: 0 | BO16: 0 | BP16: 0 | BQ16: 0 | BR16: 0 | BS16: 0 | BT16: 0 | BU16: 0 | BV16: 0 | BW16: 0 | BX16: 0 | BY16: 0
E17: =IF(ROW(id)=ROW($E$10)+2,1,MAX(prev_col_range)+1) -> 6 | F17: =IF(Type<>"",IF(ROW(stage_id)=ROW($F$10)+2,1,IF(Type="S",MAX(prev_col_range)+1,MAX(prev_col_range))),-1) -> 2 | G17: =_xlfn.IFNA(IF(OR(Type="T",Type="M"),MATCH(K17,הגדרות!$L$7:$L$14,0),-1),-1) -> -1 | H17: S | I17: בניית אפליקציה | K17: =_xlfn.IFNA(INDEX(הגדרות!$S$7:$S$40,MATCH(TeamMemeber,הגדרות!$Q$7:$Q$40,0)),"") | N17: =MIN(V18:V23) -> 45998 | Q17: =IF(d.id<>"",IF(d.id<id,"↖",IF(d.id>id,"↙","")),"") | R17: {=IFERROR("("&d.type&") "&IF(LEN(d.name)>7,LEFT(d.name,7)&"…",d.name),"")} | V17: {=IFERROR(IF(ind_start>0,ind_start, IF(ind_end<>"",plan_start_calc, IF(d.id<>"", IF(OR(d.conn="FS",d.conn=""),fs_calc, IF(d.conn="SS",ss_calc, plan_start_calc)),""))),"")} -> 45998 | W17: {=IFERROR(IF(ind_start<>"",plan_end_calc, IF(ind_end<>"",ind_end, IF(d.id<>"", IF(d.conn="SF",sf_calc, IF(d.conn="FF",ff_calc, plan_end_calc)),""))),"")} -> 45998 | X17: 45998 | Y17: 45998 | Z17: {=SUM(Z18:Z23*U18:U23)/SUM(U18:U23)} -> 0 | AA17: 0 | AB17: 0 | AC17: 0 | AD17: 0 | AE17: 0 | AF17: 0 | AG17: 0 | AH17: 0 | AI17: 0 | AJ17: 0 | AK17: 0 | AL17: 0 | AM17: 0 | AN17: 0 | AO17: 0 | AP17: 0 | AQ17: 0 | AR17: 0 | AS17: 0 | AT17: 0 | AU17: 0 | AV17: 0 | AW17: 0 | AX17: 0 | AY17: 0 | AZ17: 0 | BA17: 0 | BB17: 0 | BC17: 0 | BD17: 0 | BE17: 0 | BF17: 0 | BG17: 0 | BH17: 0 | BI17: 0 | BJ17: 0 | BK17: 0 | BL17: 0 | BM17: 0 | BN17: 0 | BO17: 0 | BP17: 0 | BQ17: 0 | BR17: 0 | BS17: 0 | BT17: 0 | BU17: 0 | BV17: 0 | BW17: 0 | BX17: 0 | BY17: 0
E18: =IF(ROW(id)=ROW($E$10)+2,1,MAX(prev_col_range)+1) -> 7 | F18: =IF(Type<>"",IF(ROW(stage_id)=ROW($F$10)+2,1,IF(Type="S",MAX(prev_col_range)+1,MAX(prev_col_range))),-1) -> 2 | G18: =_xlfn.IFNA(IF(OR(Type="T",Type="M"),MATCH(K18,הגדרות!$L$7:$L$14,0),-1),-1) -> 3 | H18: T | I18: אפיון מערכת ודרישות | K18: =_xlfn.IFNA(INDEX(הגדרות!$S$7:$S$40,MATCH(TeamMemeber,הגדרות!$Q$7:$Q$40,0)),"") -> AP | L18: אבישי גרוס | P18: =E16 -> 5 | Q18: =IF(d.id<>"",IF(d.id<id,"↖",IF(d.id>id,"↙","")),"") -> ↖ | R18: {=IFERROR("("&d.type&") "&IF(LEN(d.name)>7,LEFT(d.name,7)&"…",d.name),"")} -> (M) סיכום ש… | S18: FS | U18: 3 | V18: {=IFERROR(IF(ind_start>0,ind_start, IF(ind_end<>"",plan_start_calc, IF(d.id<>"", IF(OR(d.conn="FS",d.conn=""),fs_calc, IF(d.conn="SS",ss_calc, plan_start_calc)),""))),"")} -> 45998 | W18: {=IFERROR(IF(ind_start<>"",plan_end_calc, IF(ind_end<>"",ind_end, IF(d.id<>"", IF(d.conn="SF",sf_calc, IF(d.conn="FF",ff_calc, plan_end_calc)),""))),"")} -> 46000 | X18: 45998 | Y18: 46000 | AA18: 0 | AB18: 0 | AC18: 0 | AD18: 0 | AE18: 0 | AF18: 0 | AG18: 0 | AH18: 0 | AI18: 0 | AJ18: 0 | AK18: 0 | AL18: 0 | AM18: 0 | AN18: 0 | AO18: 0 | AP18: 0 | AQ18: 0 | AR18: 0 | AS18: 0 | AT18: 0 | AU18: 0 | AV18: 0 | AW18: 0 | AX18: 0 | AY18: 0 | AZ18: 0 | BA18: 0 | BB18: 0 | BC18: 0 | BD18: 0 | BE18: 0 | BF18: 0 | BG18: 0 | BH18: 0 | BI18: 0 | BJ18: 0 | BK18: 0 | BL18: 0 | BM18: 0 | BN18: 0 | BO18: 0 | BP18: 0 | BQ18: 0 | BR18: 0 | BS18: 0 | BT18: 0 | BU18: 0 | BV18: 0 | BW18: 0 | BX18: 0 | BY18: 0
E19: =IF(ROW(id)=ROW($E$10)+2,1,MAX(prev_col_range)+1) -> 8 | F19: =IF(Type<>"",IF(ROW(stage_id)=ROW($F$10)+2,1,IF(Type="S",MAX(prev_col_range)+1,MAX(prev_col_range))),-1) -> 2 | G19: =_xlfn.IFNA(IF(OR(Type="T",Type="M"),MATCH(K19,הגדרות!$L$7:$L$14,0),-1),-1) -> 4 | H19: T | I19: בניית תשתית נתונים | K19: =_xlfn.IFNA(INDEX(הגדרות!$S$7:$S$40,MATCH(TeamMemeber,הגדרות!$Q$7:$Q$40,0)),"") -> DC | L19: שי נואיבר | M19: ⚠ | P19: =E18 -> 7 | Q19: =IF(d.id<>"",IF(d.id<id,"↖",IF(d.id>id,"↙","")),"") -> ↖ | R19: {=IFERROR("("&d.type&") "&IF(LEN(d.name)>7,LEFT(d.name,7)&"…",d.name),"")} -> (T) אפיון מ… | S19: SS | U19: 4 | V19: {=IFERROR(IF(ind_start>0,ind_start, IF(ind_end<>"",plan_start_calc, IF(d.id<>"", IF(OR(d.conn="FS",d.conn=""),fs_calc, IF(d.conn="SS",ss_calc, plan_start_calc)),""))),"")} -> 45998 | W19: {=IFERROR(IF(ind_start<>"",plan_end_calc, IF(ind_end<>"",ind_end, IF(d.id<>"", IF(d.conn="SF",sf_calc, IF(d.conn="FF",ff_calc, plan_end_calc)),""))),"")} -> 46001 | X19: 45998 | Y19: 46001 | AA19: 0 | AB19: 0 | AC19: 0 | AD19: 0 | AE19: 0 | AF19: 0 | AG19: 0 | AH19: 0 | AI19: 0 | AJ19: 0 | AK19: 0 | AL19: 0 | AM19: 0 | AN19: 0 | AO19: 0 | AP19: 0 | AQ19: 0 | AR19: 0 | AS19: 0 | AT19: 0 | AU19: 0 | AV19: 0 | AW19: 0 | AX19: 0 | AY19: 0 | AZ19: 0 | BA19: 0 | BB19: 0 | BC19: 0 | BD19: 0 | BE19: 0 | BF19: 0 | BG19: 0 | BH19: 0 | BI19: 0 | BJ19: 0 | BK19: 0 | BL19: 0 | BM19: 0 | BN19: 0 | BO19: 0 | BP19: 0 | BQ19: 0 | BR19: 0 | BS19: 0 | BT19: 0 | BU19: 0 | BV19: 0 | BW19: 0 | BX19: 0 | BY19: 0
E20: =IF(ROW(id)=ROW($E$10)+2,1,MAX(prev_col_range)+1) -> 9 | F20: =IF(Type<>"",IF(ROW(stage_id)=ROW($F$10)+2,1,IF(Type="S",MAX(prev_col_range)+1,MAX(prev_col_range))),-1) -> 2 | G20: =_xlfn.IFNA(IF(OR(Type="T",Type="M"),MATCH(K20,הגדרות!$L$7:$L$14,0),-1),-1) -> 3 | H20: T | I20: פיתוח אפליקציה ואתר | K20: =_xlfn.IFNA(INDEX(הגדרות!$S$7:$S$40,MATCH(TeamMemeber,הגדרות!$Q$7:$Q$40,0)),"") -> AP | L20: אבישי גרוס | P20: =E19 -> 8 | Q20: =IF(d.id<>"",IF(d.id<id,"↖",IF(d.id>id,"↙","")),"") -> ↖ | R20: {=IFERROR("("&d.type&") "&IF(LEN(d.name)>7,LEFT(d.name,7)&"…",d.name),"")} -> (T) בניית ת… | S20: FS | U20: 10 | V20: {=IFERROR(IF(ind_start>0,ind_start, IF(ind_end<>"",plan_start_calc, IF(d.id<>"", IF(OR(d.conn="FS",d.conn=""),fs_calc, IF(d.conn="SS",ss_calc, plan_start_calc)),""))),"")} -> 46002 | W20: {=IFERROR(IF(ind_start<>"",plan_end_calc, IF(ind_end<>"",ind_end, IF(d.id<>"", IF(d.conn="SF",sf_calc, IF(d.conn="FF",ff_calc, plan_end_calc)),""))),"")} -> 46015 | X20: 46002 | Y20: 46015 | AA20: 0 | AB20: 0 | AC20: 0 | AD20: 0 | AE20: 0 | AF20: 0 | AG20: 0 | AH20: 0 | AI20: 0 | AJ20: 0 | AK20: 0 | AL20: 0 | AM20: 0 | AN20: 0 | AO20: 0 | AP20: 0 | AQ20: 0 | AR20: 0 | AS20: 0 | AT20: 0 | AU20: 0 | AV20: 0 | AW20: 0 | AX20: 0 | AY20: 0 | AZ20: 0 | BA20: 0 | BB20: 0 | BC20: 0 | BD20: 0 | BE20: 0 | BF20: 0 | BG20: 0 | BH20: 0 | BI20: 0 | BJ20: 0 | BK20: 0 | BL20: 0 | BM20: 0 | BN20: 0 | BO20: 0 | BP20: 0 | BQ20: 0 | BR20: 0 | BS20: 0 | BT20: 0 | BU20: 0 | BV20: 0 | BW20: 0 | BX20: 0 | BY20: 0
E21: =IF(ROW(id)=ROW($E$10)+2,1,MAX(prev_col_range)+1) -> 10 | F21: =IF(Type<>"",IF(ROW(stage_id)=ROW($F$10)+2,1,IF(Type="S",MAX(prev_col_range)+1,MAX(prev_col_range))),-1) -> 2 | G21: =_xlfn.IFNA(IF(OR(Type="T",Type="M"),MATCH(K21,הגדרות!$L$7:$L$14,0),-1),-1) -> 1 | H21: T | I21: עיצוב חוויית משתמש (UX/UI) | K21: =_xlfn.IFNA(INDEX(הגדרות!$S$7:$S$40,MATCH(TeamMemeber,הגדרות!$Q$7:$Q$40,0)),"") -> PM | L21: נתי וורקנך | P21: =E20 -> 9 | Q21: =IF(d.id<>"",IF(d.id<id,"↖",IF(d.id>id,"↙","")),"") -> ↖ | R21: {=IFERROR("("&d.type&") "&IF(LEN(d.name)>7,LEFT(d.name,7)&"…",d.name),"")} -> (T) פיתוח א… | S21: FS | U21: 3 | V21: {=IFERROR(IF(ind_start>0,ind_start, IF(ind_end<>"",plan_start_calc, IF(d.id<>"", IF(OR(d.conn="FS",d.conn=""),fs_calc, IF(d.conn="SS",ss_calc, plan_start_calc)),""))),"")} -> 46016 | W21: {=IFERROR(IF(ind_start<>"",plan_end_calc, IF(ind_end<>"",ind_end, IF(d.id<>"", IF(d.conn="SF",sf_calc, IF(d.conn="FF",ff_calc, plan_end_calc)),""))),"")} -> 46020 | X21: 46016 | Y21: 46020 | AA21: 0 | AB21: 0 | AC21: 0 | AD21: 0 | AE21: 0 | AF21: 0 | AG21: 0 | AH21: 0 | AI21: 0 | AJ21: 0 | AK21: 0 | AL21: 0 | AM21: 0 | AN21: 0 | AO21: 0 | AP21: 0 | AQ21: 0 | AR21: 0 | AS21: 0 | AT21: 0 | AU21: 0 | AV21: 0 | AW21: 0 | AX21: 0 | AY21: 0 | AZ21: 0 | BA21: 0 | BB21: 0 | BC21: 0 | BD21: 0 | BE21: 0 | BF21: 0 | BG21: 0 | BH21: 0 | BI21: 0 | BJ21: 0 | BK21: 0 | BL21: 0 | BM21: 0 | BN21: 0 | BO21: 0 | BP21: 0 | BQ21: 0 | BR21: 0 | BS21: 0 | BT21: 0 | BU21: 0 | BV21: 0 | BW21: 0 | BX21: 0 | BY21: 0
E22: =IF(ROW(id)=ROW($E$10)+2,1,MAX(prev_col_range)+1) -> 11 | F22: =IF(Type<>"",IF(ROW(stage_id)=ROW($F$10)+2,1,IF(Type="S",MAX(prev_col_range)+1,MAX(prev_col_range))),-1) -> 2 | G22: =_xlfn.IFNA(IF(OR(Type="T",Type="M"),MATCH(K22,הגדרות!$L$7:$L$14,0),-1),-1) -> 4 | H22: T | I22: בדיקות ואבטחת איכות | K22: =_xlfn.IFNA(INDEX(הגדרות!$S$7:$S$40,MATCH(TeamMemeber,הגדרות!$Q$7:$Q$40,0)),"") -> DC | L22: שי נואיבר | P22: =E21 -> 10 | Q22: =IF(d.id<>"",IF(d.id<id,"↖",IF(d.id>id,"↙","")),"") -> ↖ | R22: {=IFERROR("("&d.type&") "&IF(LEN(d.name)>7,LEFT(d.name,7)&"…",d.name),"")} -> (T) עיצוב ח… | S22: SF | U22: 2 | V22: {=IFERROR(IF(ind_start>0,ind_start, IF(ind_end<>"",plan_start_calc, IF(d.id<>"", IF(OR(d.conn="FS",d.conn=""),fs_calc, IF(d.conn="SS",ss_calc, plan_start_calc)),""))),"")} -> 46014 | W22: {=IFERROR(IF(ind_start<>"",plan_end_calc, IF(ind_end<>"",ind_end, IF(d.id<>"", IF(d.conn="SF",sf_calc, IF(d.conn="FF",ff_calc, plan_end_calc)),""))),"")} -> 46015 | X22: 46014 | Y22: 46015 | AA22: 0 | AB22: 0 | AC22: 0 | AD22: 0 | AE22: 0 | AF22: 0 | AG22: 0 | AH22: 0 | AI22: 0 | AJ22: 0 | AK22: 0 | AL22: 0 | AM22: 0 | AN22: 0 | AO22: 0 | AP22: 0 | AQ22: 0 | AR22: 0 | AS22: 0 | AT22: 0 | AU22: 0 | AV22: 0 | AW22: 0 | AX22: 0 | AY22: 0 | AZ22: 0 | BA22: 0 | BB22: 0 | BC22: 0 | BD22: 0 | BE22: 0 | BF22: 0 | BG22: 0 | BH22: 0 | BI22: 0 | BJ22: 0 | BK22: 0 | BL22: 0 | BM22: 0 | BN22: 0 | BO22: 0 | BP22: 0 | BQ22: 0 | BR22: 0 | BS22: 0 | BT22: 0 | BU22: 0 | BV22: 0 | BW22: 0 | BX22: 0 | BY22: 0
E23: =IF(ROW(id)=ROW($E$10)+2,1,MAX(prev_col_range)+1) -> 12 | F23: =IF(Type<>"",IF(ROW(stage_id)=ROW($F$10)+2,1,IF(Type="S",MAX(prev_col_range)+1,MAX(prev_col_range))),-1) -> 2 | G23: =_xlfn.IFNA(IF(OR(Type="T",Type="M"),MATCH(K23,הגדרות!$L$7:$L$14,0),-1),-1) -> -1 | H23: M | I23: סיכום שלב הפיתוח | K23: =_xlfn.IFNA(INDEX(הגדרות!$S$7:$S$40,MATCH(TeamMemeber,הגדרות!$Q$7:$Q$40,0)),"") | P23: =E22 -> 11 | Q23: =IF(d.id<>"",IF(d.id<id,"↖",IF(d.id>id,"↙","")),"") -> ↖ | R23: {=IFERROR("("&d.type&") "&IF(LEN(d.name)>7,LEFT(d.name,7)&"…",d.name),"")} -> (T) בדיקות … | S23: FF | U23: 0 | V23: {=IFERROR(IF(ind_start>0,ind_start, IF(ind_end<>"",plan_start_calc, IF(d.id<>"", IF(OR(d.conn="FS",d.conn=""),fs_calc, IF(d.conn="SS",ss_calc, plan_start_calc)),""))),"")} -> 46015 | W23: {=IFERROR(IF(ind_start<>"",plan_end_calc, IF(ind_end<>"",ind_end, IF(d.id<>"", IF(d.conn="SF",sf_calc, IF(d.conn="FF",ff_calc, plan_end_calc)),""))),"")} -> 46015 | X23: 46015 | Y23: 46015 | AA23: 0 | AB23: 0 | AC23: 0 | AD23: 0 | AE23: 0 | AF23: 0 | AG23: 0 | AH23: 0 | AI23: 0 | AJ23: 0 | AK23: 0 | AL23: 0 | AM23: 0 | AN23: 0 | AO23: 0 | AP23: 0 | AQ23: 0 | AR23: 0 | AS23: 0 | AT23: 0 | AU23: 0 | AV23: 0 | AW23: 0 | AX23: 0 | AY23: 0 | AZ23: 0 | BA23: 0 | BB23: 0 | BC23: 0 | BD23: 0 | BE23: 0 | BF23: 0 | BG23: 0 | BH23: 0 | BI23: 0 | BJ23: 0 | BK23: 0 | BL23: 0 | BM23: 0 | BN23: 0 | BO23: 0 | BP23: 0 | BQ23: 0 | BR23: 0 | BS23: 0 | BT23: 0 | BU23: 0 | BV23: 0 | BW23: 0 | BX23: 0 | BY23: 0
E24: =IF(ROW(id)=ROW($E$10)+2,1,MAX(prev_col_range)+1) -> 13 | F24: =IF(Type<>"",IF(ROW(stage_id)=ROW($F$10)+2,1,IF(Type="S",MAX(prev_col_range)+1,MAX(prev_col_range))),-1) -> 3 | G24: =_xlfn.IFNA(IF(OR(Type="T",Type="M"),MATCH(K24,הגדרות!$L$7:$L$14,0),-1),-1) -> -1 | H24: S | I24: שיווק | K24: =_xlfn.IFNA(INDEX(הגדרות!$S$7:$S$40,MATCH(TeamMemeber,הגדרות!$Q$7:$Q$40,0)),"") | N24: =MIN(V25:V27) -> 46009 | Q24: =IF(d.id<>"",IF(d.id<id,"↖",IF(d.id>id,"↙","")),"") | R24: {=IFERROR("("&d.type&") "&IF(LEN(d.name)>7,LEFT(d.name,7)&"…",d.name),"")} | V24: {=IFERROR(IF(ind_start>0,ind_start, IF(ind_end<>"",plan_start_calc, IF(d.id<>"", IF(OR(d.conn="FS",d.conn=""),fs_calc, IF(d.conn="SS",ss_calc, plan_start_calc)),""))),"")} -> 46009 | W24: {=IFERROR(IF(ind_start<>"",plan_end_calc, IF(ind_end<>"",ind_end, IF(d.id<>"", IF(d.conn="SF",sf_calc, IF(d.conn="FF",ff_calc, plan_end_calc)),""))),"")} -> 46009 | X24: 46009 | Y24: 46009 | Z24: {=SUM(Z25:Z27*U25:U27)/SUM(U25:U27)} -> 0 | AA24: 0 | AB24: 0 | AC24: 0 | AD24: 0 | AE24: 0 | AF24: 0 | AG24: 0 | AH24: 0 | AI24: 0 | AJ24: 0 | AK24: 0 | AL24: 0 | AM24: 0 | AN24: 0 | AO24: 0 | AP24: 0 | AQ24: 0 | AR24: 0 | AS24: 0 | AT24: 0 | AU24: 0 | AV24: 0 | AW24: 0 | AX24: 0 | AY24: 0 | AZ24: 0 | BA24: 0 | BB24: 0 | BC24: 0 | BD24: 0 | BE24: 0 | BF24: 0 | BG24: 0 | BH24: 0 | BI24: 0 | BJ24: 0 | BK24: 0 | BL24: 0 | BM24: 0 | BN24: 0 | BO24: 0 | BP24: 0 | BQ24: 0 | BR24: 0 | BS24: 0 | BT24: 0 | BU24: 0 | BV24: 0 | BW24: 0 | BX24: 0 | BY24: 0
E25: =IF(ROW(id)=ROW($E$10)+2,1,MAX(prev_col_range)+1) -> 14 | F25: =IF(Type<>"",IF(ROW(stage_id)=ROW($F$10)+2,1,IF(Type="S",MAX(prev_col_range)+1,MAX(prev_col_range))),-1) -> 3 | G25: =_xlfn.IFNA(IF(OR(Type="T",Type="M"),MATCH(K25,הגדרות!$L$7:$L$14,0),-1),-1) -> 3 | H25: T | I25: פיתוח נוכחות ברשתות חברתיות | K25: =_xlfn.IFNA(INDEX(הגדרות!$S$7:$S$40,MATCH(TeamMemeber,הגדרות!$Q$7:$Q$40,0)),"") -> AP | L25: אבישי גרוס | P25: =E23 -> 12 | Q25: =IF(d.id<>"",IF(d.id<id,"↖",IF(d.id>id,"↙","")),"") -> ↖ | R25: {=IFERROR("("&d.type&") "&IF(LEN(d.name)>7,LEFT(d.name,7)&"…",d.name),"")} -> (M) סיכום ש… | S25: SF | U25: 4 | V25: {=IFERROR(IF(ind_start>0,ind_start, IF(ind_end<>"",plan_start_calc, IF(d.id<>"", IF(OR(d.conn="FS",d.conn=""),fs_calc, IF(d.conn="SS",ss_calc, plan_start_calc)),""))),"")} -> 46009 | W25: {=IFERROR(IF(ind_start<>"",plan_end_calc, IF(ind_end<>"",ind_end, IF(d.id<>"", IF(d.conn="SF",sf_calc, IF(d.conn="FF",ff_calc, plan_end_calc)),""))),"")} -> 46014 | X25: 46009 | Y25: 46014 | AA25: 0 | AB25: 0 | AC25: 0 | AD25: 0 | AE25: 0 | AF25: 0 | AG25: 0 | AH25: 0 | AI25: 0 | AJ25: 0 | AK25: 0 | AL25: 0 | AM25: 0 | AN25: 0 | AO25: 0 | AP25: 0 | AQ25: 0 | AR25: 0 | AS25: 0 | AT25: 0 | AU25: 0 | AV25: 0 | AW25: 0 | AX25: 0 | AY25: 0 | AZ25: 0 | BA25: 0 | BB25: 0 | BC25: 0 | BD25: 0 | BE25: 0 | BF25: 0 | BG25: 0 | BH25: 0 | BI25: 0 | BJ25: 0 | BK25: 0 | BL25: 0 | BM25: 0 | BN25: 0 | BO25: 0 | BP25: 0 | BQ25: 0 | BR25: 0 | BS25: 0 | BT25: 0 | BU25: 0 | BV25: 0 | BW25: 0 | BX25: 0 | BY25: 0
E26: =IF(ROW(id)=ROW($E$10)+2,1,MAX(prev_col_range)+1) -> 15 | F26: =IF(Type<>"",IF(ROW(stage_id)=ROW($F$10)+2,1,IF(Type="S",MAX(prev_col_range)+1,MAX(prev_col_range))),-1) -> 3 | G26: =_xlfn.IFNA(IF(OR(Type="T",Type="M"),MATCH(K26,הגדרות!$L$7:$L$14,0),-1),-1) -> 2 | H26: T | I26: תקשורת מול גני אירועים | K26: =_xlfn.IFNA(INDEX(הגדרות!$S$7:$S$40,MATCH(TeamMemeber,הגדרות!$Q$7:$Q$40,0)),"") -> SM | L26: עוז אופיר | M26: ⚠ | P26: =E25 -> 14 | Q26: =IF(d.id<>"",IF(d.id<id,"↖",IF(d.id>id,"↙","")),"") -> ↖ | R26: {=IFERROR("("&d.type&") "&IF(LEN(d.name)>7,LEFT(d.name,7)&"…",d.name),"")} -> (T) פיתוח נ… | S26: FS | U26: 2 | V26: {=IFERROR(IF(ind_start>0,ind_start, IF(ind_end<>"",plan_start_calc, IF(d.id<>"", IF(OR(d.conn="FS",d.conn=""),fs_calc, IF(d.conn="SS",ss_calc, plan_start_calc)),""))),"")} -> 46015 | W26: {=IFERROR(IF(ind_start<>"",plan_end_calc, IF(ind_end<>"",ind_end, IF(d.id<>"", IF(d.conn="SF",sf_calc, IF(d.conn="FF",ff_calc, plan_end_calc)),""))),"")} -> 46016 | X26: 46015 | Y26: 46016 | AA26: 0 | AB26: 0 | AC26: 0 | AD26: 0 | AE26: 0 | AF26: 0 | AG26: 0 | AH26: 0 | AI26: 0 | AJ26: 0 | AK26: 0 | AL26: 0 | AM26: 0 | AN26: 0 | AO26: 0 | AP26: 0 | AQ26: 0 | AR26: 0 | AS26: 0 | AT26: 0 | AU26: 0 | AV26: 0 | AW26: 0 | AX26: 0 | AY26: 0 | AZ26: 0 | BA26: 0 | BB26: 0 | BC26: 0 | BD26: 0 | BE26: 0 | BF26: 0 | BG26: 0 | BH26: 0 | BI26: 0 | BJ26: 0 | BK26: 0 | BL26: 0 | BM26: 0 | BN26: 0 | BO26: 0 | BP26: 0 | BQ26: 0 | BR26: 0 | BS26: 0 | BT26: 0 | BU26: 0 | BV26: 0 | BW26: 0 | BX26: 0 | BY26: 0
E27: =IF(ROW(id)=ROW($E$10)+2,1,MAX(prev_col_range)+1) -> 16 | F27: =IF(Type<>"",IF(ROW(stage_id)=ROW($F$10)+2,1,IF(Type="S",MAX(prev_col_range)+1,MAX(prev_col_range))),-1) -> 3 | G27: =_xlfn.IFNA(IF(OR(Type="T",Type="M"),MATCH(K27,הגדרות!$L$7:$L$14,0),-1),-1) -> 1 | H27: T | I27: הפקת תכני צילום | K27: =_xlfn.IFNA(INDEX(הגדרות!$S$7:$S$40,MATCH(TeamMemeber,הגדרות!$Q$7:$Q$40,0)),"") -> PM | L27: נתי וורקנך | P27: =E26 -> 15 | Q27: =IF(d.id<>"",IF(d.id<id,"↖",IF(d.id>id,"↙","")),"") -> ↖ | R27: {=IFERROR("("&d.type&") "&IF(LEN(d.name)>7,LEFT(d.name,7)&"…",d.name),"")} -> (T) תקשורת … | S27: FS | U27: 1 | V27: {=IFERROR(IF(ind_start>0,ind_start, IF(ind_end<>"",plan_start_calc, IF(d.id<>"", IF(OR(d.conn="FS",d.conn=""),fs_calc, IF(d.conn="SS",ss_calc, plan_start_calc)),""))),"")} -> 46019 | W27: {=IFERROR(IF(ind_start<>"",plan_end_calc, IF(ind_end<>"",ind_end, IF(d.id<>"", IF(d.conn="SF",sf_calc, IF(d.conn="FF",ff_calc, plan_end_calc)),""))),"")} -> 46019 | X27: 46019 | Y27: 46019 | AA27: 0 | AB27: 0 | AC27: 0 | AD27: 0 | AE27: 0 | AF27: 0 | AG27: 0 | AH27: 0 | AI27: 0 | AJ27: 0 | AK27: 0 | AL27: 0 | AM27: 0 | AN27: 0 | AO27: 0 | AP27: 0 | AQ27: 0 | AR27: 0 | AS27: 0 | AT27: 0 | AU27: 0 | AV27: 0 | AW27: 0 | AX27: 0 | AY27: 0 | AZ27: 0 | BA27: 0 | BB27: 0 | BC27: 0 | BD27: 0 | BE27: 0 | BF27: 0 | BG27: 0 | BH27: 0 | BI27: 0 | BJ27: 0 | BK27: 0 | BL27: 0 | BM27: 0 | BN27: 0 | BO27: 0 | BP27: 0 | BQ27: 0 | BR27: 0 | BS27: 0 | BT27: 0 | BU27: 0 | BV27: 0 | BW27: 0 | BX27: 0 | BY27: 0
E28: =IF(ROW(id)=ROW($E$10)+2,1,MAX(prev_col_range)+1) -> 17 | F28: =IF(Type<>"",IF(ROW(stage_id)=ROW($F$10)+2,1,IF(Type="S",MAX(prev_col_range)+1,MAX(prev_col_range))),-1) -> 4 | G28: =_xlfn.IFNA(IF(OR(Type="T",Type="M"),MATCH(K28,הגדרות!$L$7:$L$14,0),-1),-1) -> -1 | H28: S | I28: שירות לקוחות | K28: =_xlfn.IFNA(INDEX(הגדרות!$S$7:$S$40,MATCH(TeamMemeber,הגדרות!$Q$7:$Q$40,0)),"") | N28: =MIN(V29:V32) -> 46020 | Q28: =IF(d.id<>"",IF(d.id<id,"↖",IF(d.id>id,"↙","")),"") | R28: {=IFERROR("("&d.type&") "&IF(LEN(d.name)>7,LEFT(d.name,7)&"…",d.name),"")} | V28: {=IFERROR(IF(ind_start>0,ind_start, IF(ind_end<>"",plan_start_calc, IF(d.id<>"", IF(OR(d.conn="FS",d.conn=""),fs_calc, IF(d.conn="SS",ss_calc, plan_start_calc)),""))),"")} -> 46020 | W28: {=IFERROR(IF(ind_start<>"",plan_end_calc, IF(ind_end<>"",ind_end, IF(d.id<>"", IF(d.conn="SF",sf_calc, IF(d.conn="FF",ff_calc, plan_end_calc)),""))),"")} -> 46020 | X28: 46020 | Y28: 46020 | Z28: {=SUM(Z29:Z32*U29:U32)/SUM(U29:U32)} -> 0 | AA28: 0 | AB28: 0 | AC28: 0 | AD28: 0 | AE28: 0 | AF28: 0 | AG28: 0 | AH28: 0 | AI28: 0 | AJ28: 0 | AK28: 0 | AL28: 0 | AM28: 0 | AN28: 0 | AO28: 0 | AP28: 0 | AQ28: 0 | AR28: 0 | AS28: 0 | AT28: 0 | AU28: 0 | AV28: 0 | AW28: 0 | AX28: 0 | AY28: 0 | AZ28: 0 | BA28: 0 | BB28: 0 | BC28: 0 | BD28: 0 | BE28: 0 | BF28: 0 | BG28: 0 | BH28: 0 | BI28: 0 | BJ28: 0 | BK28: 0 | BL28: 0 | BM28: 0 | BN28: 0 | BO28: 0 | BP28: 0 | BQ28: 0 | BR28: 0 | BS28: 0 | BT28: 0 | BU28: 0 | BV28: 0 | BW28: 0 | BX28: 0 | BY28: 0
E29: =IF(ROW(id)=ROW($E$10)+2,1,MAX(prev_col_range)+1) -> 18 | F29: =IF(Type<>"",IF(ROW(stage_id)=ROW($F$10)+2,1,IF(Type="S",MAX(prev_col_range)+1,MAX(prev_col_range))),-1) -> 4 | G29: =_xlfn.IFNA(IF(OR(Type="T",Type="M"),MATCH(K29,הגדרות!$L$7:$L$14,0),-1),-1) -> 2 | H29: T | I29: התקשרות ספקים (צילום דיגיטלי) | K29: =_xlfn.IFNA(INDEX(הגדרות!$S$7:$S$40,MATCH(TeamMemeber,הגדרות!$Q$7:$Q$40,0)),"") -> SM | L29: עוז אופיר | P29: =E27 -> 16 | Q29: =IF(d.id<>"",IF(d.id<id,"↖",IF(d.id>id,"↙","")),"") -> ↖ | R29: {=IFERROR("("&d.type&") "&IF(LEN(d.name)>7,LEFT(d.name,7)&"…",d.name),"")} -> (T) הפקת תכ… | S29: FS | U29: 2 | V29: {=IFERROR(IF(ind_start>0,ind_start, IF(ind_end<>"",plan_start_calc, IF(d.id<>"", IF(OR(d.conn="FS",d.conn=""),fs_calc, IF(d.conn="SS",ss_calc, plan_start_calc)),""))),"")} -> 46020 | W29: {=IFERROR(IF(ind_start<>"",plan_end_calc, IF(ind_end<>"",ind_end, IF(d.id<>"", IF(d.conn="SF",sf_calc, IF(d.conn="FF",ff_calc, plan_end_calc)),""))),"")} -> 46021 | X29: 46020 | Y29: 46021 | AA29: 0 | AB29: 0 | AC29: 0 | AD29: 0 | AE29: 0 | AF29: 0 | AG29: 0 | AH29: 0 | AI29: 0 | AJ29: 0 | AK29: 0 | AL29: 0 | AM29: 0 | AN29: 0 | AO29: 0 | AP29: 0 | AQ29: 0 | AR29: 0 | AS29: 0 | AT29: 0 | AU29: 0 | AV29: 0 | AW29: 0 | AX29: 0 | AY29: 0 | AZ29: 0 | BA29: 0 | BB29: 0 | BC29: 0 | BD29: 0 | BE29: 0 | BF29: 0 | BG29: 0 | BH29: 0 | BI29: 0 | BJ29: 0 | BK29: 0 | BL29: 0 | BM29: 0 | BN29: 0 | BO29: 0 | BP29: 0 | BQ29: 0 | BR29: 0 | BS29: 0 | BT29: 0 | BU29: 0 | BV29: 0 | BW29: 0 | BX29: 0 | BY29: 0
E30: =IF(ROW(id)=ROW($E$10)+2,1,MAX(prev_col_range)+1) -> 19 | F30: =IF(Type<>"",IF(ROW(stage_id)=ROW($F$10)+2,1,IF(Type="S",MAX(prev_col_range)+1,MAX(prev_col_range))),-1) -> 4 | G30: =_xlfn.IFNA(IF(OR(Type="T",Type="M"),MATCH(K30,הגדרות!$L$7:$L$14,0),-1),-1) -> 3 | H30: T | I30: ניהול קשרי גני אירועים | K30: =_xlfn.IFNA(INDEX(הגדרות!$S$7:$S$40,MATCH(TeamMemeber,הגדרות!$Q$7:$Q$40,0)),"") -> AP | L30: אבישי גרוס | M30: ⚠ | P30: =E29 -> 18 | Q30: =IF(d.id<>"",IF(d.id<id,"↖",IF(d.id>id,"↙","")),"") -> ↖ | R30: {=IFERROR("("&d.type&") "&IF(LEN(d.name)>7,LEFT(d.name,7)&"…",d.name),"")} -> (T) התקשרות… | S30: SS | U30: 3 | V30: {=IFERROR(IF(ind_start>0,ind_start, IF(ind_end<>"",plan_start_calc, IF(d.id<>"", IF(OR(d.conn="FS",d.conn=""),fs_calc, IF(d.conn="SS",ss_calc, plan_start_calc)),""))),"")} -> 46020 | W30: {=IFERROR(IF(ind_start<>"",plan_end_calc, IF(ind_end<>"",ind_end, IF(d.id<>"", IF(d.conn="SF",sf_calc, IF(d.conn="FF",ff_calc, plan_end_calc)),""))),"")} -> 46022 | X30: 46020 | Y30: 46022 | AA30: 0 | AB30: 0 | AC30: 0 | AD30: 0 | AE30: 0 | AF30: 0 | AG30: 0 | AH30: 0 | AI30: 0 | AJ30: 0 | AK30: 0 | AL30: 0 | AM30: 0 | AN30: 0 | AO30: 0 | AP30: 0 | AQ30: 0 | AR30: 0 | AS30: 0 | AT30: 0 | AU30: 0 | AV30: 0 | AW30: 0 | AX30: 0 | AY30: 0 | AZ30: 0 | BA30: 0 | BB30: 0 | BC30: 0 | BD30: 0 | BE30: 0 | BF30: 0 | BG30: 0 | BH30: 0 | BI30: 0 | BJ30: 0 | BK30: 0 | BL30: 0 | BM30: 0 | BN30: 0 | BO30: 0 | BP30: 0 | BQ30: 0 | BR30: 0 | BS30: 0 | BT30: 0 | BU30: 0 | BV30: 0 | BW30: 0 | BX30: 0 | BY30: 0
E31: =IF(ROW(id)=ROW($E$10)+2,1,MAX(prev_col_range)+1) -> 20 | F31: =IF(Type<>"",IF(ROW(stage_id)=ROW($F$10)+2,1,IF(Type="S",MAX(prev_col_range)+1,MAX(prev_col_range))),-1) -> 4 | G31: =_xlfn.IFNA(IF(OR(Type="T",Type="M"),MATCH(K31,הגדרות!$L$7:$L$14,0),-1),-1) -> 4 | H31: T | I31: ניהול קשרי זוגות | K31: =_xlfn.IFNA(INDEX(הגדרות!$S$7:$S$40,MATCH(TeamMemeber,הגדרות!$Q$7:$Q$40,0)),"") -> DC | L31: שי נואיבר | P31: =E30 -> 19 | Q31: =IF(d.id<>"",IF(d.id<id,"↖",IF(d.id>id,"↙","")),"") -> ↖ | R31: {=IFERROR("("&d.type&") "&IF(LEN(d.name)>7,LEFT(d.name,7)&"…",d.name),"")} -> (T) ניהול ק… | S31: SS | U31: 2 | V31: {=IFERROR(IF(ind_start>0,ind_start, IF(ind_end<>"",plan_start_calc, IF(d.id<>"", IF(OR(d.conn="FS",d.conn=""),fs_calc, IF(d.conn="SS",ss_calc, plan_start_calc)),""))),"")} -> 46020 | W31: {=IFERROR(IF(ind_start<>"",plan_end_calc, IF(ind_end<>"",ind_end, IF(d.id<>"", IF(d.conn="SF",sf_calc, IF(d.conn="FF",ff_calc, plan_end_calc)),""))),"")} -> 46021 | X31: 46020 | Y31: 46021 | AA31: 0 | AB31: 0 | AC31: 0 | AD31: 0 | AE31: 0 | AF31: 0 | AG31: 0 | AH31: 0 | AI31: 0 | AJ31: 0 | AK31: 0 | AL31: 0 | AM31: 0 | AN31: 0 | AO31: 0 | AP31: 0 | AQ31: 0 | AR31: 0 | AS31: 0 | AT31: 0 | AU31: 0 | AV31: 0 | AW31: 0 | AX31: 0 | AY31: 0 | AZ31: 0 | BA31: 0 | BB31: 0 | BC31: 0 | BD31: 0 | BE31: 0 | BF31: 0 | BG31: 0 | BH31: 0 | BI31: 0 | BJ31: 0 | BK31: 0 | BL31: 0 | BM31: 0 | BN31: 0 | BO31: 0 | BP31: 0 | BQ31: 0 | BR31: 0 | BS31: 0 | BT31: 0 | BU31: 0 | BV31: 0 | BW31: 0 | BX31: 0 | BY31: 0
E32: =IF(ROW(id)=ROW($E$10)+2,1,MAX(prev_col_range)+1) -> 21 | F32: =IF(Type<>"",IF(ROW(stage_id)=ROW($F$10)+2,1,IF(Type="S",MAX(prev_col_range)+1,MAX(prev_col_range))),-1) -> 4 | G32: =_xlfn.IFNA(IF(OR(Type="T",Type="M"),MATCH(K32,הגדרות!$L$7:$L$14,0),-1),-1) -> -1 | H32: M | I32: סיכום וסגירת הפרויקט | K32: =_xlfn.IFNA(INDEX(הגדרות!$S$7:$S$40,MATCH(TeamMemeber,הגדרות!$Q$7:$Q$40,0)),"") | P32: =E31 -> 20 | Q32: =IF(d.id<>"",IF(d.id<id,"↖",IF(d.id>id,"↙","")),"") -> ↖ | R32: {=IFERROR("("&d.type&") "&IF(LEN(d.name)>7,LEFT(d.name,7)&"…",d.name),"")} -> (T) ניהול ק… | S32: FF | U32: 0 | V32: {=IFERROR(IF(ind_start>0,ind_start, IF(ind_end<>"",plan_start_calc, IF(d.id<>"", IF(OR(d.conn="FS",d.conn=""),fs_calc, IF(d.conn="SS",ss_calc, plan_start_calc)),""))),"")} -> 46021 | W32: {=IFERROR(IF(ind_start<>"",plan_end_calc, IF(ind_end<>"",ind_end, IF(d.id<>"", IF(d.conn="SF",sf_calc, IF(d.conn="FF",ff_calc, plan_end_calc)),""))),"")} -> 46021 | X32: 46021 | Y32: 46021 | AA32: 0 | AB32: 0 | AC32: 0 | AD32: 0 | AE32: 0 | AF32: 0 | AG32: 0 | AH32: 0 | AI32: 0 | AJ32: 0 | AK32: 0 | AL32: 0 | AM32: 0 | AN32: 0 | AO32: 0 | AP32: 0 | AQ32: 0 | AR32: 0 | AS32: 0 | AT32: 0 | AU32: 0 | AV32: 0 | AW32: 0 | AX32: 0 | AY32: 0 | AZ32: 0 | BA32: 0 | BB32: 0 | BC32: 0 | BD32: 0 | BE32: 0 | BF32: 0 | BG32: 0 | BH32: 0 | BI32: 0 | BJ32: 0 | BK32: 0 | BL32: 0 | BM32: 0 | BN32: 0 | BO32: 0 | BP32: 0 | BQ32: 0 | BR32: 0 | BS32: 0 | BT32: 0 | BU32: 0 | BV32: 0 | BW32: 0 | BX32: 0 | BY32: 0
E33: =IF(ROW(id)=ROW($E$10)+2,1,MAX(prev_col_range)+1) -> 22 | F33: =IF(Type<>"",IF(ROW(stage_id)=ROW($F$10)+2,1,IF(Type="S",MAX(prev_col_range)+1,MAX(prev_col_range))),-1) -> -1 | G33: =_xlfn.IFNA(IF(OR(Type="T",Type="M"),MATCH(K33,הגדרות!$L$7:$L$14,0),-1),-1) -> -1 | K33: =_xlfn.IFNA(INDEX(הגדרות!$S$7:$S$40,MATCH(TeamMemeber,הגדרות!$Q$7:$Q$40,0)),"") | Q33: =IF(d.id<>"",IF(d.id<id,"↖",IF(d.id>id,"↙","")),"") | R33: {=IFERROR("("&d.type&") "&IF(LEN(d.name)>7,LEFT(d.name,7)&"…",d.name),"")} | V33: {=IFERROR(IF(ind_start>0,ind_start, IF(ind_end<>"",plan_start_calc, IF(d.id<>"", IF(OR(d.conn="FS",d.conn=""),fs_calc, IF(d.conn="SS",ss_calc, plan_start_calc)),""))),"")} | W33: {=IFERROR(IF(ind_start<>"",plan_end_calc, IF(ind_end<>"",ind_end, IF(d.id<>"", IF(d.conn="SF",sf_calc, IF(d.conn="FF",ff_calc, plan_end_calc)),""))),"")} | AA33: 0 | AB33: 0 | AC33: 0 | AD33: 0 | AE33: 0 | AF33: 0 | AG33: 0 | AH33: 0 | AI33: 0 | AJ33: 0 | AK33: 0 | AL33: 0 | AM33: 0 | AN33: 0 | AO33: 0 | AP33: 0 | AQ33: 0 | AR33: 0 | AS33: 0 | AT33: 0 | AU33: 0 | AV33: 0 | AW33: 0 | AX33: 0 | AY33: 0 | AZ33: 0 | BA33: 0 | BB33: 0 | BC33: 0 | BD33: 0 | BE33: 0 | BF33: 0 | BG33: 0 | BH33: 0 | BI33: 0 | BJ33: 0 | BK33: 0 | BL33: 0 | BM33: 0 | BN33: 0 | BO33: 0 | BP33: 0 | BQ33: 0 | BR33: 0 | BS33: 0 | BT33: 0 | BU33: 0 | BV33: 0 | BW33: 0 | BX33: 0 | BY33: 0
E34: =IF(ROW(id)=ROW($E$10)+2,1,MAX(prev_col_range)+1) -> 23 | F34: =IF(Type<>"",IF(ROW(stage_id)=ROW($F$10)+2,1,IF(Type="S",MAX(prev_col_range)+1,MAX(prev_col_range))),-1) -> -1 | G34: =_xlfn.IFNA(IF(OR(Type="T",Type="M"),MATCH(K34,הגדרות!$L$7:$L$14,0),-1),-1) -> -1 | K34: =_xlfn.IFNA(INDEX(הגדרות!$S$7:$S$40,MATCH(TeamMemeber,הגדרות!$Q$7:$Q$40,0)),"") | Q34: =IF(d.id<>"",IF(d.id<id,"↖",IF(d.id>id,"↙","")),"") | R34: {=IFERROR("("&d.type&") "&IF(LEN(d.name)>7,LEFT(d.name,7)&"…",d.name),"")} | V34: {=IFERROR(IF(ind_start>0,ind_start, IF(ind_end<>"",plan_start_calc, IF(d.id<>"", IF(OR(d.conn="FS",d.conn=""),fs_calc, IF(d.conn="SS",ss_calc, plan_start_calc)),""))),"")} | W34: {=IFERROR(IF(ind_start<>"",plan_end_calc, IF(ind_end<>"",ind_end, IF(d.id<>"", IF(d.conn="SF",sf_calc, IF(d.conn="FF",ff_calc, plan_end_calc)),""))),"")} | AA34: 0 | AB34: 0 | AC34: 0 | AD34: 0 | AE34: 0 | AF34: 0 | AG34: 0 | AH34: 0 | AI34: 0 | AJ34: 0 | AK34: 0 | AL34: 0 | AM34: 0 | AN34: 0 | AO34: 0 | AP34: 0 | AQ34: 0 | AR34: 0 | AS34: 0 | AT34: 0 | AU34: 0 | AV34: 0 | AW34: 0 | AX34: 0 | AY34: 0 | AZ34: 0 | BA34: 0 | BB34: 0 | BC34: 0 | BD34: 0 | BE34: 0 | BF34: 0 | BG34: 0 | BH34: 0 | BI34: 0 | BJ34: 0 | BK34: 0 | BL34: 0 | BM34: 0 | BN34: 0 | BO34: 0 | BP34: 0 | BQ34: 0 | BR34: 0 | BS34: 0 | BT34: 0 | BU34: 0 | BV34: 0 | BW34: 0 | BX34: 0 | BY34: 0
E35: =IF(ROW(id)=ROW($E$10)+2,1,MAX(prev_col_range)+1) -> 24 | F35: =IF(Type<>"",IF(ROW(stage_id)=ROW($F$10)+2,1,IF(Type="S",MAX(prev_col_range)+1,MAX(prev_col_range))),-1) -> -1 | G35: =_xlfn.IFNA(IF(OR(Type="T",Type="M"),MATCH(K35,הגדרות!$L$7:$L$14,0),-1),-1) -> -1 | K35: =_xlfn.IFNA(INDEX(הגדרות!$S$7:$S$40,MATCH(TeamMemeber,הגדרות!$Q$7:$Q$40,0)),"") | Q35: =IF(d.id<>"",IF(d.id<id,"↖",IF(d.id>id,"↙","")),"") | R35: {=IFERROR("("&d.type&") "&IF(LEN(d.name)>7,LEFT(d.name,7)&"…",d.name),"")} | V35: {=IFERROR(IF(ind_start>0,ind_start, IF(ind_end<>"",plan_start_calc, IF(d.id<>"", IF(OR(d.conn="FS",d.conn=""),fs_calc, IF(d.conn="SS",ss_calc, plan_start_calc)),""))),"")} | W35: {=IFERROR(IF(ind_start<>"",plan_end_calc, IF(ind_end<>"",ind_end, IF(d.id<>"", IF(d.conn="SF",sf_calc, IF(d.conn="FF",ff_calc, plan_end_calc)),""))),"")} | AA35: 0 | AB35: 0 | AC35: 0 | AD35: 0 | AE35: 0 | AF35: 0 | AG35: 0 | AH35: 0 | AI35: 0 | AJ35: 0 | AK35: 0 | AL35: 0 | AM35: 0 | AN35: 0 | AO35: 0 | AP35: 0 | AQ35: 0 | AR35: 0 | AS35: 0 | AT35: 0 | AU35: 0 | AV35: 0 | AW35: 0 | AX35: 0 | AY35: 0 | AZ35: 0 | BA35: 0 | BB35: 0 | BC35: 0 | BD35: 0 | BE35: 0 | BF35: 0 | BG35: 0 | BH35: 0 | BI35: 0 | BJ35: 0 | BK35: 0 | BL35: 0 | BM35: 0 | BN35: 0 | BO35: 0 | BP35: 0 | BQ35: 0 | BR35: 0 | BS35: 0 | BT35: 0 | BU35: 0 | BV35: 0 | BW35: 0 | BX35: 0 | BY35: 0

Sheet הגדרות
D1: הגדרות
E4: מידע כללי | J4: תפקידים בפרויקט | P4: חברי צוות בפרויקט
F6: שם פרויקט: | G6: WedPlanner | K6: שם תפקיד | L6: תצוגה | M6: ספירה | Q6: שם | R6: תפקיד | S6: תצוגה
K7: Project Manager | L7: PM | M7: =IF(K7="","",COUNTIFS($S$7:$S$40,L7)) -> 1 | Q7: נתי וורקנך | R7: Project Manager | S7: =_xlfn.IFNA(INDEX($L$7:$L$14,MATCH(R7,$K$7:$K$14,0)),"") -> PM
F8: מנהל פרויקט: | G8: נתי וורקנך | K8: Sales Manager | L8: SM | M8: =IF(K8="","",COUNTIFS($S$7:$S$40,L8)) -> 1 | Q8: עוז אופיר | R8: Sales Manager | S8: =_xlfn.IFNA(INDEX($L$7:$L$14,MATCH(R8,$K$7:$K$14,0)),"") -> SM
K9: Application Coordinator | L9: AP | M9: =IF(K9="","",COUNTIFS($S$7:$S$40,L9)) -> 1 | Q9: אבישי גרוס | R9: Application Coordinator | S9: =_xlfn.IFNA(INDEX($L$7:$L$14,MATCH(R9,$K$7:$K$14,0)),"") -> AP
F10: דחיפות פרויקט: | G10: גבוהה | K10: Data Coordinator | L10: DC | M10: =IF(K10="","",COUNTIFS($S$7:$S$40,L10)) -> 1 | Q10: שי נואיבר | R10: Data Coordinator | S10: =_xlfn.IFNA(INDEX($L$7:$L$14,MATCH(R10,$K$7:$K$14,0)),"") -> DC
M11: =IF(K11="","",COUNTIFS($S$7:$S$40,L11)) | S11: =_xlfn.IFNA(INDEX($L$7:$L$14,MATCH(R11,$K$7:$K$14,0)),"")
M12: =IF(K12="","",COUNTIFS($S$7:$S$40,L12)) | S12: =_xlfn.IFNA(INDEX($L$7:$L$14,MATCH(R12,$K$7:$K$14,0)),"")
E13: הגדרות תאריכים | M13: =IF(K13="","",COUNTIFS($S$7:$S$40,L13)) | S13: =_xlfn.IFNA(INDEX($L$7:$L$14,MATCH(R13,$K$7:$K$14,0)),"")
M14: =IF(K14="","",COUNTIFS($S$7:$S$40,L14)) | S14: =_xlfn.IFNA(INDEX($L$7:$L$14,MATCH(R14,$K$7:$K$14,0)),"")
F15: סידור שבוע: | G15: =_xlfn.CONCAT(H19,H21,H23,H25,H27,H29,H17) -> 0000110 | S15: =_xlfn.IFNA(INDEX($L$7:$L$14,MATCH(R15,$K$7:$K$14,0)),"")
S16: =_xlfn.IFNA(INDEX($L$7:$L$14,MATCH(R16,$K$7:$K$14,0)),"")
F17: יום ראשון: | G17: יום חול | H17: =TEXT(IF(G17="יום חול",0,1),"0") -> 0 | S17: =_xlfn.IFNA(INDEX($L$7:$L$14,MATCH(R17,$K$7:$K$14,0)),"")
S18: =_xlfn.IFNA(INDEX($L$7:$L$14,MATCH(R18,$K$7:$K$14,0)),"")
F19: יום שני: | G19: יום חול | H19: =TEXT(IF(G19="יום חול",0,1),"0") -> 0 | S19: =_xlfn.IFNA(INDEX($L$7:$L$14,MATCH(R19,$K$7:$K$14,0)),"")
S20: =_xlfn.IFNA(INDEX($L$7:$L$14,MATCH(R20,$K$7:$K$14,0)),"")
F21: יום שלישי: | G21: יום חול | H21: =TEXT(IF(G21="יום חול",0,1),"0") -> 0 | S21: =_xlfn.IFNA(INDEX($L$7:$L$14,MATCH(R21,$K$7:$K$14,0)),"")
S22: =_xlfn.IFNA(INDEX($L$7:$L$14,MATCH(R22,$K$7:$K$14,0)),"")
F23: יום רביעי: | G23: יום חול | H23: =TEXT(IF(G23="יום חול",0,1),"0") -> 0 | S23: =_xlfn.IFNA(INDEX($L$7:$L$14,MATCH(R23,$K$7:$K$14,0)),"")
S24: =_xlfn.IFNA(INDEX($L$7:$L$14,MATCH(R24,$K$7:$K$14,0)),"")
F25: יום חמישי: | G25: יום חול | H25: =TEXT(IF(G25="יום חול",0,1),"0") -> 0 | S25: =_xlfn.IFNA(INDEX($L$7:$L$14,MATCH(R25,$K$7:$K$14,0)),"")
S26: =_xlfn.IFNA(INDEX($L$7:$L$14,MATCH(R26,$K$7:$K$14,0)),"")
F27: יום שישי: | G27: סופש | H27: =TEXT(IF(G27="יום חול",0,1),"0") -> 1 | S27: =_xlfn.IFNA(INDEX($L$7:$L$14,MATCH(R27,$K$7:$K$14,0)),"")
S28: =_xlfn.IFNA(INDEX($L$7:$L$14,MATCH(R28,$K$7:$K$14,0)),"")
F29: יום שבת: | G29: סופש | H29: =TEXT(IF(G29="יום חול",0,1),"0") -> 1 | S29: =_xlfn.IFNA(INDEX($L$7:$L$14,MATCH(R29,$K$7:$K$14,0)),"")
S30: =_xlfn.IFNA(INDEX($L$7:$L$14,MATCH(R30,$K$7:$K$14,0)),"")
S31: =_xlfn.IFNA(INDEX($L$7:$L$14,MATCH(R31,$K$7:$K$14,0)),"")
S32: =_xlfn.IFNA(INDEX($L$7:$L$14,MATCH(R32,$K$7:$K$14,0)),"")
S33: =_xlfn.IFNA(INDEX($L$7:$L$14,MATCH(R33,$K$7:$K$14,0)),"")
S34: =_xlfn.IFNA(INDEX($L$7:$L$14,MATCH(R34,$K$7:$K$14,0)),"")
S35: =_xlfn.IFNA(INDEX($L$7:$L$14,MATCH(R35,$K$7:$K$14,0)),"")
S36: =_xlfn.IFNA(INDEX($L$7:$L$14,MATCH(R36,$K$7:$K$14,0)),"")
S37: =_xlfn.IFNA(INDEX($L$7:$L$14,MATCH(R37,$K$7:$K$14,0)),"")
S38: =_xlfn.IFNA(INDEX($L$7:$L$14,MATCH(R38,$K$7:$K$14,0)),"")
S39: =_xlfn.IFNA(INDEX($L$7:$L$14,MATCH(R39,$K$7:$K$14,0)),"")
S40: =_xlfn.IFNA(INDEX($L$7:$L$14,MATCH(R40,$K$7:$K$14,0)),"")
